number,name,startTime,endTime,isDaytime,temperature,temperatureUnit,temperatureTrend,probabilityOfPrecipitation,dewpoint,relativeHumidity,windSpeed,windDirection,icon,shortForecast,detailedForecast
1,,2025-11-10T18:00:00-05:00,2025-11-10T19:00:00-05:00,False,40,F,,"{'unitCode': 'wmoUnit:percent', 'value': 0}","{'unitCode': 'wmoUnit:degC', 'value': -5.555555555555555}","{'unitCode': 'wmoUnit:percent', 'value': 48}",14 mph,NW,https://api.weather.gov/icons/land/night/few?size=small,Mostly Clear,
2,,2025-11-10T19:00:00-05:00,2025-11-10T20:00:00-05:00,False,38,F,,"{'unitCode': 'wmoUnit:percent', 'value': 1}","{'unitCode': 'wmoUnit:degC', 'value': -5}","{'unitCode': 'wmoUnit:percent', 'value': 54}",13 mph,NW,https://api.weather.gov/icons/land/night/few?size=small,Mostly Clear,
3,,2025-11-10T20:00:00-05:00,2025-11-10T21:00:00-05:00,False,36,F,,"{'unitCode': 'wmoUnit:percent', 'value': 3}","{'unitCode': 'wmoUnit:degC', 'value': -5.555555555555555}","{'unitCode': 'wmoUnit:percent', 'value': 56}",13 mph,NW,https://api.weather.gov/icons/land/night/few?size=small,Mostly Clear,
4,,2025-11-10T21:00:00-05:00,2025-11-10T22:00:00-05:00,False,34,F,,"{'unitCode': 'wmoUnit:percent', 'value': 2}","{'unitCode': 'wmoUnit:degC', 'value': -5.555555555555555}","{'unitCode': 'wmoUnit:percent', 'value': 61}",13 mph,NW,https://api.weather.gov/icons/land/night/sct?size=small,Partly Cloudy,
5,,2025-11-10T22:00:00-05:00,2025-11-10T23:00:00-05:00,False,33,F,,"{'unitCode': 'wmoUnit:percent', 'value': 1}","{'unitCode': 'wmoUnit:degC', 'value': -6.666666666666667}","{'unitCode': 'wmoUnit:percent', 'value': 58}",13 mph,NW,https://api.weather.gov/icons/land/night/sct?size=small,Partly Cloudy,
6,,2025-11-10T23:00:00-05:00,2025-11-11T00:00:00-05:00,False,33,F,,"{'unitCode': 'wmoUnit:percent', 'value': 1}","{'unitCode': 'wmoUnit:degC', 'value': -6.666666666666667}","{'unitCode': 'wmoUnit:percent', 'value': 58}",13 mph,NW,https://api.weather.gov/icons/land/night/bkn?size=small,Mostly Cloudy,
7,,2025-11-11T00:00:00-05:00,2025-11-11T01:00:00-05:00,False,32,F,,"{'unitCode': 'wmoUnit:percent', 'value': 1}","{'unitCode': 'wmoUnit:degC', 'value': -7.222222222222222}","{'unitCode': 'wmoUnit:percent', 'value': 58}",13 mph,NW,https://api.weather.gov/icons/land/night/bkn?size=small,Mostly Cloudy,
8,,2025-11-11T01:00:00-05:00,2025-11-11T02:00:00-05:00,False,31,F,,"{'unitCode': 'wmoUnit:percent', 'value': 2}","{'unitCode': 'wmoUnit:degC', 'value': -6.666666666666667}","{'unitCode': 'wmoUnit:percent', 'value': 63}",13 mph,W,https://api.weather.gov/icons/land/night/bkn?size=small,Mostly Cloudy,
9,,2025-11-11T02:00:00-05:00,2025-11-11T03:00:00-05:00,False,31,F,,"{'unitCode': 'wmoUnit:percent', 'value': 1}","{'unitCode': 'wmoUnit:degC', 'value': -7.777777777777778}","{'unitCode': 'wmoUnit:percent', 'value': 58}",14 mph,W,https://api.weather.gov/icons/land/night/bkn?size=small,Mostly Cloudy,
10,,2025-11-11T03:00:00-05:00,2025-11-11T04:00:00-05:00,False,30,F,,"{'unitCode': 'wmoUnit:percent', 'value': 1}","{'unitCode': 'wmoUnit:degC', 'value': -8.333333333333334}","{'unitCode': 'wmoUnit:percent', 'value': 58}",15 mph,W,https://api.weather.gov/icons/land/night/sct?size=small,Partly Cloudy,
11,,2025-11-11T04:00:00-05:00,2025-11-11T05:00:00-05:00,False,29,F,,"{'unitCode': 'wmoUnit:percent', 'value': 1}","{'unitCode': 'wmoUnit:degC', 'value': -8.88888888888889}","{'unitCode': 'wmoUnit:percent', 'value': 58}",15 mph,W,https://api.weather.gov/icons/land/night/sct?size=small,Partly Cloudy,
12,,2025-11-11T05:00:00-05:00,2025-11-11T06:00:00-05:00,False,29,F,,"{'unitCode': 'wmoUnit:percent', 'value': 2}","{'unitCode': 'wmoUnit:degC', 'value': -8.88888888888889}","{'unitCode': 'wmoUnit:percent', 'value': 58}",15 mph,W,https://api.weather.gov/icons/land/night/few?size=small,Mostly Clear,
13,,2025-11-11T06:00:00-05:00,2025-11-11T07:00:00-05:00,True,28,F,,"{'unitCode': 'wmoUnit:percent', 'value': 2}","{'unitCode': 'wmoUnit:degC', 'value': -9.444444444444445}","{'unitCode': 'wmoUnit:percent', 'value': 58}",15 mph,W,https://api.weather.gov/icons/land/day/few?size=small,Sunny,
14,,2025-11-11T07:00:00-05:00,2025-11-11T08:00:00-05:00,True,27,F,,"{'unitCode': 'wmoUnit:percent', 'value': 2}","{'unitCode': 'wmoUnit:degC', 'value': -10}","{'unitCode': 'wmoUnit:percent', 'value': 57}",14 mph,W,https://api.weather.gov/icons/land/day/sct?size=small,Mostly Sunny,
15,,2025-11-11T08:00:00-05:00,2025-11-11T09:00:00-05:00,True,29,F,,"{'unitCode': 'wmoUnit:percent', 'value': 3}","{'unitCode': 'wmoUnit:degC', 'value': -9.444444444444445}","{'unitCode': 'wmoUnit:percent', 'value': 55}",16 mph,W,https://api.weather.gov/icons/land/day/bkn?size=small,Mostly Cloudy,
16,,2025-11-11T09:00:00-05:00,2025-11-11T10:00:00-05:00,True,34,F,,"{'unitCode': 'wmoUnit:percent', 'value': 2}","{'unitCode': 'wmoUnit:degC', 'value': -8.88888888888889}","{'unitCode': 'wmoUnit:percent', 'value': 47}",18 mph,W,https://api.weather.gov/icons/land/day/bkn?size=small,Mostly Cloudy,
17,,2025-11-11T10:00:00-05:00,2025-11-11T11:00:00-05:00,True,36,F,,"{'unitCode': 'wmoUnit:percent', 'value': 1}","{'unitCode': 'wmoUnit:degC', 'value': -8.88888888888889}","{'unitCode': 'wmoUnit:percent', 'value': 43}",20 mph,W,https://api.weather.gov/icons/land/day/bkn?size=small,Mostly Cloudy,
18,,2025-11-11T11:00:00-05:00,2025-11-11T12:00:00-05:00,True,39,F,,"{'unitCode': 'wmoUnit:percent', 'value': 1}","{'unitCode': 'wmoUnit:degC', 'value': -8.333333333333334}","{'unitCode': 'wmoUnit:percent', 'value': 40}",21 mph,W,https://api.weather.gov/icons/land/day/wind_sct?size=small,Mostly Sunny,
19,,2025-11-11T12:00:00-05:00,2025-11-11T13:00:00-05:00,True,41,F,,"{'unitCode': 'wmoUnit:percent', 'value': 0}","{'unitCode': 'wmoUnit:degC', 'value': -8.333333333333334}","{'unitCode': 'wmoUnit:percent', 'value': 37}",21 mph,W,https://api.weather.gov/icons/land/day/wind_few?size=small,Sunny,
20,,2025-11-11T13:00:00-05:00,2025-11-11T14:00:00-05:00,True,43,F,,"{'unitCode': 'wmoUnit:percent', 'value': 0}","{'unitCode': 'wmoUnit:degC', 'value': -7.222222222222222}","{'unitCode': 'wmoUnit:percent', 'value': 38}",21 mph,W,https://api.weather.gov/icons/land/day/wind_few?size=small,Sunny,
21,,2025-11-11T14:00:00-05:00,2025-11-11T15:00:00-05:00,True,43,F,,"{'unitCode': 'wmoUnit:percent', 'value': 0}","{'unitCode': 'wmoUnit:degC', 'value': -6.666666666666667}","{'unitCode': 'wmoUnit:percent', 'value': 39}",20 mph,W,https://api.weather.gov/icons/land/day/few?size=small,Sunny,
22,,2025-11-11T15:00:00-05:00,2025-11-11T16:00:00-05:00,True,45,F,,"{'unitCode': 'wmoUnit:percent', 'value': 0}","{'unitCode': 'wmoUnit:degC', 'value': -6.666666666666667}","{'unitCode': 'wmoUnit:percent', 'value': 36}",18 mph,W,https://api.weather.gov/icons/land/day/sct?size=small,Mostly Sunny,
23,,2025-11-11T16:00:00-05:00,2025-11-11T17:00:00-05:00,True,44,F,,"{'unitCode': 'wmoUnit:percent', 'value': 0}","{'unitCode': 'wmoUnit:degC', 'value': -6.111111111111111}","{'unitCode': 'wmoUnit:percent', 'value': 39}",17 mph,W,https://api.weather.gov/icons/land/day/few?size=small,Sunny,
24,,2025-11-11T17:00:00-05:00,2025-11-11T18:00:00-05:00,True,42,F,,"{'unitCode': 'wmoUnit:percent', 'value': 0}","{'unitCode': 'wmoUnit:degC', 'value': -6.111111111111111}","{'unitCode': 'wmoUnit:percent', 'value': 43}",14 mph,W,https://api.weather.gov/icons/land/day/skc?size=small,Sunny,
25,,2025-11-11T18:00:00-05:00,2025-11-11T19:00:00-05:00,False,39,F,,"{'unitCode': 'wmoUnit:percent', 'value': 0}","{'unitCode': 'wmoUnit:degC', 'value': -6.111111111111111}","{'unitCode': 'wmoUnit:percent', 'value': 48}",10 mph,W,https://api.weather.gov/icons/land/night/skc?size=small,Clear,
26,,2025-11-11T19:00:00-05:00,2025-11-11T20:00:00-05:00,False,38,F,,"{'unitCode': 'wmoUnit:percent', 'value': 1}","{'unitCode': 'wmoUnit:degC', 'value': -6.666666666666667}","{'unitCode': 'wmoUnit:percent', 'value': 48}",8 mph,W,https://api.weather.gov/icons/land/night/sct?size=small,Partly Cloudy,
27,,2025-11-11T20:00:00-05:00,2025-11-11T21:00:00-05:00,False,37,F,,"{'unitCode': 'wmoUnit:percent', 'value': 1}","{'unitCode': 'wmoUnit:degC', 'value': -6.666666666666667}","{'unitCode': 'wmoUnit:percent', 'value': 50}",7 mph,SW,https://api.weather.gov/icons/land/night/sct?size=small,Partly Cloudy,
28,,2025-11-11T21:00:00-05:00,2025-11-11T22:00:00-05:00,False,36,F,,"{'unitCode': 'wmoUnit:percent', 'value': 1}","{'unitCode': 'wmoUnit:degC', 'value': -6.666666666666667}","{'unitCode': 'wmoUnit:percent', 'value': 52}",7 mph,SW,https://api.weather.gov/icons/land/night/bkn?size=small,Mostly Cloudy,
29,,2025-11-11T22:00:00-05:00,2025-11-11T23:00:00-05:00,False,34,F,,"{'unitCode': 'wmoUnit:percent', 'value': 1}","{'unitCode': 'wmoUnit:degC', 'value': -6.666666666666667}","{'unitCode': 'wmoUnit:percent', 'value': 56}",9 mph,SW,https://api.weather.gov/icons/land/night/bkn?size=small,Mostly Cloudy,
30,,2025-11-11T23:00:00-05:00,2025-11-12T00:00:00-05:00,False,34,F,,"{'unitCode': 'wmoUnit:percent', 'value': 1}","{'unitCode': 'wmoUnit:degC', 'value': -6.666666666666667}","{'unitCode': 'wmoUnit:percent', 'value': 56}",7 mph,SW,https://api.weather.gov/icons/land/night/bkn?size=small,Mostly Cloudy,
31,,2025-11-12T00:00:00-05:00,2025-11-12T01:00:00-05:00,False,33,F,,"{'unitCode': 'wmoUnit:percent', 'value': 1}","{'unitCode': 'wmoUnit:degC', 'value': -7.222222222222222}","{'unitCode': 'wmoUnit:percent', 'value': 56}",7 mph,SW,https://api.weather.gov/icons/land/night/bkn?size=small,Mostly Cloudy,
32,,2025-11-12T01:00:00-05:00,2025-11-12T02:00:00-05:00,False,33,F,,"{'unitCode': 'wmoUnit:percent', 'value': 1}","{'unitCode': 'wmoUnit:degC', 'value': -7.222222222222222}","{'unitCode': 'wmoUnit:percent', 'value': 56}",10 mph,SW,https://api.weather.gov/icons/land/night/bkn?size=small,Mostly Cloudy,
33,,2025-11-12T02:00:00-05:00,2025-11-12T03:00:00-05:00,False,34,F,,"{'unitCode': 'wmoUnit:percent', 'value': 1}","{'unitCode': 'wmoUnit:degC', 'value': -7.222222222222222}","{'unitCode': 'wmoUnit:percent', 'value': 54}",8 mph,SW,https://api.weather.gov/icons/land/night/bkn?size=small,Mostly Cloudy,
34,,2025-11-12T03:00:00-05:00,2025-11-12T04:00:00-05:00,False,34,F,,"{'unitCode': 'wmoUnit:percent', 'value': 1}","{'unitCode': 'wmoUnit:degC', 'value': -7.222222222222222}","{'unitCode': 'wmoUnit:percent', 'value': 54}",9 mph,SW,https://api.weather.gov/icons/land/night/bkn?size=small,Mostly Cloudy,
35,,2025-11-12T04:00:00-05:00,2025-11-12T05:00:00-05:00,False,35,F,,"{'unitCode': 'wmoUnit:percent', 'value': 1}","{'unitCode': 'wmoUnit:degC', 'value': -7.222222222222222}","{'unitCode': 'wmoUnit:percent', 'value': 52}",12 mph,SW,https://api.weather.gov/icons/land/night/bkn?size=small,Mostly Cloudy,
36,,2025-11-12T05:00:00-05:00,2025-11-12T06:00:00-05:00,False,35,F,,"{'unitCode': 'wmoUnit:percent', 'value': 1}","{'unitCode': 'wmoUnit:degC', 'value': -6.666666666666667}","{'unitCode': 'wmoUnit:percent', 'value': 54}",12 mph,SW,https://api.weather.gov/icons/land/night/bkn?size=small,Mostly Cloudy,
37,,2025-11-12T06:00:00-05:00,2025-11-12T07:00:00-05:00,True,36,F,,"{'unitCode': 'wmoUnit:percent', 'value': 1}","{'unitCode': 'wmoUnit:degC', 'value': -6.666666666666667}","{'unitCode': 'wmoUnit:percent', 'value': 52}",12 mph,SW,https://api.weather.gov/icons/land/day/bkn?size=small,Partly Sunny,
38,,2025-11-12T07:00:00-05:00,2025-11-12T08:00:00-05:00,True,37,F,,"{'unitCode': 'wmoUnit:percent', 'value': 0}","{'unitCode': 'wmoUnit:degC', 'value': -6.111111111111111}","{'unitCode': 'wmoUnit:percent', 'value': 52}",13 mph,SW,https://api.weather.gov/icons/land/day/bkn?size=small,Partly Sunny,
39,,2025-11-12T08:00:00-05:00,2025-11-12T09:00:00-05:00,True,39,F,,"{'unitCode': 'wmoUnit:percent', 'value': 0}","{'unitCode': 'wmoUnit:degC', 'value': -5.555555555555555}","{'unitCode': 'wmoUnit:percent', 'value': 50}",13 mph,SW,https://api.weather.gov/icons/land/day/sct?size=small,Mostly Sunny,
40,,2025-11-12T09:00:00-05:00,2025-11-12T10:00:00-05:00,True,42,F,,"{'unitCode': 'wmoUnit:percent', 'value': 0}","{'unitCode': 'wmoUnit:degC', 'value': -4.444444444444445}","{'unitCode': 'wmoUnit:percent', 'value': 48}",13 mph,SW,https://api.weather.gov/icons/land/day/few?size=small,Sunny,
41,,2025-11-12T10:00:00-05:00,2025-11-12T11:00:00-05:00,True,46,F,,"{'unitCode': 'wmoUnit:percent', 'value': 0}","{'unitCode': 'wmoUnit:degC', 'value': -3.3333333333333335}","{'unitCode': 'wmoUnit:percent', 'value': 45}",15 mph,SW,https://api.weather.gov/icons/land/day/few?size=small,Sunny,
42,,2025-11-12T11:00:00-05:00,2025-11-12T12:00:00-05:00,True,49,F,,"{'unitCode': 'wmoUnit:percent', 'value': 0}","{'unitCode': 'wmoUnit:degC', 'value': -2.2222222222222223}","{'unitCode': 'wmoUnit:percent', 'value': 44}",14 mph,SW,https://api.weather.gov/icons/land/day/few?size=small,Sunny,
43,,2025-11-12T12:00:00-05:00,2025-11-12T13:00:00-05:00,True,53,F,,"{'unitCode': 'wmoUnit:percent', 'value': 0}","{'unitCode': 'wmoUnit:degC', 'value': -1.1111111111111112}","{'unitCode': 'wmoUnit:percent', 'value': 41}",14 mph,SW,https://api.weather.gov/icons/land/day/few?size=small,Sunny,
44,,2025-11-12T13:00:00-05:00,2025-11-12T14:00:00-05:00,True,55,F,,"{'unitCode': 'wmoUnit:percent', 'value': 0}","{'unitCode': 'wmoUnit:degC', 'value': -0.5555555555555556}","{'unitCode': 'wmoUnit:percent', 'value': 40}",15 mph,SW,https://api.weather.gov/icons/land/day/sct?size=small,Mostly Sunny,
45,,2025-11-12T14:00:00-05:00,2025-11-12T15:00:00-05:00,True,57,F,,"{'unitCode': 'wmoUnit:percent', 'value': 0}","{'unitCode': 'wmoUnit:degC', 'value': 0}","{'unitCode': 'wmoUnit:percent', 'value': 38}",14 mph,W,https://api.weather.gov/icons/land/day/sct?size=small,Mostly Sunny,
46,,2025-11-12T15:00:00-05:00,2025-11-12T16:00:00-05:00,True,57,F,,"{'unitCode': 'wmoUnit:percent', 'value': 0}","{'unitCode': 'wmoUnit:degC', 'value': 0.5555555555555556}","{'unitCode': 'wmoUnit:percent', 'value': 40}",14 mph,W,https://api.weather.gov/icons/land/day/few?size=small,Sunny,
47,,2025-11-12T16:00:00-05:00,2025-11-12T17:00:00-05:00,True,56,F,,"{'unitCode': 'wmoUnit:percent', 'value': 0}","{'unitCode': 'wmoUnit:degC', 'value': 0.5555555555555556}","{'unitCode': 'wmoUnit:percent', 'value': 42}",14 mph,W,https://api.weather.gov/icons/land/day/few?size=small,Sunny,
48,,2025-11-12T17:00:00-05:00,2025-11-12T18:00:00-05:00,True,54,F,,"{'unitCode': 'wmoUnit:percent', 'value': 0}","{'unitCode': 'wmoUnit:degC', 'value': 1.1111111111111112}","{'unitCode': 'wmoUnit:percent', 'value': 46}",12 mph,W,https://api.weather.gov/icons/land/day/few?size=small,Sunny,
49,,2025-11-12T18:00:00-05:00,2025-11-12T19:00:00-05:00,False,52,F,,"{'unitCode': 'wmoUnit:percent', 'value': 0}","{'unitCode': 'wmoUnit:degC', 'value': 1.1111111111111112}","{'unitCode': 'wmoUnit:percent', 'value': 50}",10 mph,W,https://api.weather.gov/icons/land/night/sct?size=small,Partly Cloudy,
50,,2025-11-12T19:00:00-05:00,2025-11-12T20:00:00-05:00,False,49,F,,"{'unitCode': 'wmoUnit:percent', 'value': 0}","{'unitCode': 'wmoUnit:degC', 'value': 0.5555555555555556}","{'unitCode': 'wmoUnit:percent', 'value': 54}",9 mph,W,https://api.weather.gov/icons/land/night/sct?size=small,Partly Cloudy,
51,,2025-11-12T20:00:00-05:00,2025-11-12T21:00:00-05:00,False,47,F,,"{'unitCode': 'wmoUnit:percent', 'value': 0}","{'unitCode': 'wmoUnit:degC', 'value': 0.5555555555555556}","{'unitCode': 'wmoUnit:percent', 'value': 58}",8 mph,W,https://api.weather.gov/icons/land/night/sct?size=small,Partly Cloudy,
52,,2025-11-12T21:00:00-05:00,2025-11-12T22:00:00-05:00,False,46,F,,"{'unitCode': 'wmoUnit:percent', 'value': 0}","{'unitCode': 'wmoUnit:degC', 'value': 0.5555555555555556}","{'unitCode': 'wmoUnit:percent', 'value': 60}",8 mph,W,https://api.weather.gov/icons/land/night/sct?size=small,Partly Cloudy,
53,,2025-11-12T22:00:00-05:00,2025-11-12T23:00:00-05:00,False,45,F,,"{'unitCode': 'wmoUnit:percent', 'value': 0}","{'unitCode': 'wmoUnit:degC', 'value': 0.5555555555555556}","{'unitCode': 'wmoUnit:percent', 'value': 62}",9 mph,W,https://api.weather.gov/icons/land/night/sct?size=small,Partly Cloudy,
54,,2025-11-12T23:00:00-05:00,2025-11-13T00:00:00-05:00,False,44,F,,"{'unitCode': 'wmoUnit:percent', 'value': 0}","{'unitCode': 'wmoUnit:degC', 'value': 0.5555555555555556}","{'unitCode': 'wmoUnit:percent', 'value': 65}",8 mph,W,https://api.weather.gov/icons/land/night/sct?size=small,Partly Cloudy,
55,,2025-11-13T00:00:00-05:00,2025-11-13T01:00:00-05:00,False,43,F,,"{'unitCode': 'wmoUnit:percent', 'value': 0}","{'unitCode': 'wmoUnit:degC', 'value': 0.5555555555555556}","{'unitCode': 'wmoUnit:percent', 'value': 67}",8 mph,W,https://api.weather.gov/icons/land/night/sct?size=small,Partly Cloudy,
56,,2025-11-13T01:00:00-05:00,2025-11-13T02:00:00-05:00,False,42,F,,"{'unitCode': 'wmoUnit:percent', 'value': 0}","{'unitCode': 'wmoUnit:degC', 'value': 0.5555555555555556}","{'unitCode': 'wmoUnit:percent', 'value': 70}",8 mph,W,https://api.weather.gov/icons/land/night/sct?size=small,Partly Cloudy,
57,,2025-11-13T02:00:00-05:00,2025-11-13T03:00:00-05:00,False,41,F,,"{'unitCode': 'wmoUnit:percent', 'value': 0}","{'unitCode': 'wmoUnit:degC', 'value': 0.5555555555555556}","{'unitCode': 'wmoUnit:percent', 'value': 73}",8 mph,W,https://api.weather.gov/icons/land/night/sct?size=small,Partly Cloudy,
58,,2025-11-13T03:00:00-05:00,2025-11-13T04:00:00-05:00,False,41,F,,"{'unitCode': 'wmoUnit:percent', 'value': 0}","{'unitCode': 'wmoUnit:degC', 'value': 0}","{'unitCode': 'wmoUnit:percent', 'value': 70}",8 mph,W,https://api.weather.gov/icons/land/night/sct?size=small,Partly Cloudy,
59,,2025-11-13T04:00:00-05:00,2025-11-13T05:00:00-05:00,False,40,F,,"{'unitCode': 'wmoUnit:percent', 'value': 0}","{'unitCode': 'wmoUnit:degC', 'value': -0.5555555555555556}","{'unitCode': 'wmoUnit:percent', 'value': 70}",9 mph,W,https://api.weather.gov/icons/land/night/sct?size=small,Partly Cloudy,
60,,2025-11-13T05:00:00-05:00,2025-11-13T06:00:00-05:00,False,39,F,,"{'unitCode': 'wmoUnit:percent', 'value': 0}","{'unitCode': 'wmoUnit:degC', 'value': -0.5555555555555556}","{'unitCode': 'wmoUnit:percent', 'value': 73}",8 mph,W,https://api.weather.gov/icons/land/night/sct?size=small,Partly Cloudy,
61,,2025-11-13T06:00:00-05:00,2025-11-13T07:00:00-05:00,True,38,F,,"{'unitCode': 'wmoUnit:percent', 'value': 0}","{'unitCode': 'wmoUnit:degC', 'value': -1.1111111111111112}","{'unitCode': 'wmoUnit:percent', 'value': 73}",8 mph,W,https://api.weather.gov/icons/land/day/sct?size=small,Mostly Sunny,
62,,2025-11-13T07:00:00-05:00,2025-11-13T08:00:00-05:00,True,38,F,,"{'unitCode': 'wmoUnit:percent', 'value': 0}","{'unitCode': 'wmoUnit:degC', 'value': -1.1111111111111112}","{'unitCode': 'wmoUnit:percent', 'value': 73}",9 mph,W,https://api.weather.gov/icons/land/day/few?size=small,Sunny,
63,,2025-11-13T08:00:00-05:00,2025-11-13T09:00:00-05:00,True,40,F,,"{'unitCode': 'wmoUnit:percent', 'value': 0}","{'unitCode': 'wmoUnit:degC', 'value': -0.5555555555555556}","{'unitCode': 'wmoUnit:percent', 'value': 70}",10 mph,W,https://api.weather.gov/icons/land/day/few?size=small,Sunny,
64,,2025-11-13T09:00:00-05:00,2025-11-13T10:00:00-05:00,True,43,F,,"{'unitCode': 'wmoUnit:percent', 'value': 0}","{'unitCode': 'wmoUnit:degC', 'value': -0.5555555555555556}","{'unitCode': 'wmoUnit:percent', 'value': 62}",12 mph,W,https://api.weather.gov/icons/land/day/few?size=small,Sunny,
65,,2025-11-13T10:00:00-05:00,2025-11-13T11:00:00-05:00,True,47,F,,"{'unitCode': 'wmoUnit:percent', 'value': 0}","{'unitCode': 'wmoUnit:degC', 'value': 0}","{'unitCode': 'wmoUnit:percent', 'value': 56}",14 mph,W,https://api.weather.gov/icons/land/day/few?size=small,Sunny,
66,,2025-11-13T11:00:00-05:00,2025-11-13T12:00:00-05:00,True,49,F,,"{'unitCode': 'wmoUnit:percent', 'value': 0}","{'unitCode': 'wmoUnit:degC', 'value': 0}","{'unitCode': 'wmoUnit:percent', 'value': 52}",14 mph,W,https://api.weather.gov/icons/land/day/few?size=small,Sunny,
67,,2025-11-13T12:00:00-05:00,2025-11-13T13:00:00-05:00,True,51,F,,"{'unitCode': 'wmoUnit:percent', 'value': 0}","{'unitCode': 'wmoUnit:degC', 'value': 0}","{'unitCode': 'wmoUnit:percent', 'value': 48}",15 mph,W,https://api.weather.gov/icons/land/day/few?size=small,Sunny,
68,,2025-11-13T13:00:00-05:00,2025-11-13T14:00:00-05:00,True,53,F,,"{'unitCode': 'wmoUnit:percent', 'value': 0}","{'unitCode': 'wmoUnit:degC', 'value': -0.5555555555555556}","{'unitCode': 'wmoUnit:percent', 'value': 43}",15 mph,W,https://api.weather.gov/icons/land/day/few?size=small,Sunny,
69,,2025-11-13T14:00:00-05:00,2025-11-13T15:00:00-05:00,True,54,F,,"{'unitCode': 'wmoUnit:percent', 'value': 0}","{'unitCode': 'wmoUnit:degC', 'value': -0.5555555555555556}","{'unitCode': 'wmoUnit:percent', 'value': 41}",14 mph,W,https://api.weather.gov/icons/land/day/few?size=small,Sunny,
70,,2025-11-13T15:00:00-05:00,2025-11-13T16:00:00-05:00,True,54,F,,"{'unitCode': 'wmoUnit:percent', 'value': 0}","{'unitCode': 'wmoUnit:degC', 'value': -1.1111111111111112}","{'unitCode': 'wmoUnit:percent', 'value': 40}",14 mph,NW,https://api.weather.gov/icons/land/day/few?size=small,Sunny,
71,,2025-11-13T16:00:00-05:00,2025-11-13T17:00:00-05:00,True,53,F,,"{'unitCode': 'wmoUnit:percent', 'value': 0}","{'unitCode': 'wmoUnit:degC', 'value': -1.1111111111111112}","{'unitCode': 'wmoUnit:percent', 'value': 41}",13 mph,NW,https://api.weather.gov/icons/land/day/few?size=small,Sunny,
72,,2025-11-13T17:00:00-05:00,2025-11-13T18:00:00-05:00,True,51,F,,"{'unitCode': 'wmoUnit:percent', 'value': 0}","{'unitCode': 'wmoUnit:degC', 'value': -1.1111111111111112}","{'unitCode': 'wmoUnit:percent', 'value': 44}",10 mph,NW,https://api.weather.gov/icons/land/day/few?size=small,Sunny,
73,,2025-11-13T18:00:00-05:00,2025-11-13T19:00:00-05:00,False,49,F,,"{'unitCode': 'wmoUnit:percent', 'value': 0}","{'unitCode': 'wmoUnit:degC', 'value': -0.5555555555555556}","{'unitCode': 'wmoUnit:percent', 'value': 50}",8 mph,NW,https://api.weather.gov/icons/land/night/few?size=small,Mostly Clear,
74,,2025-11-13T19:00:00-05:00,2025-11-13T20:00:00-05:00,False,47,F,,"{'unitCode': 'wmoUnit:percent', 'value': 0}","{'unitCode': 'wmoUnit:degC', 'value': -0.5555555555555556}","{'unitCode': 'wmoUnit:percent', 'value': 53}",6 mph,NW,https://api.weather.gov/icons/land/night/few?size=small,Mostly Clear,
75,,2025-11-13T20:00:00-05:00,2025-11-13T21:00:00-05:00,False,45,F,,"{'unitCode': 'wmoUnit:percent', 'value': 0}","{'unitCode': 'wmoUnit:degC', 'value': 0}","{'unitCode': 'wmoUnit:percent', 'value': 60}",6 mph,NW,https://api.weather.gov/icons/land/night/few?size=small,Mostly Clear,
76,,2025-11-13T21:00:00-05:00,2025-11-13T22:00:00-05:00,False,44,F,,"{'unitCode': 'wmoUnit:percent', 'value': 0}","{'unitCode': 'wmoUnit:degC', 'value': 0}","{'unitCode': 'wmoUnit:percent', 'value': 62}",5 mph,NW,https://api.weather.gov/icons/land/night/few?size=small,Mostly Clear,
77,,2025-11-13T22:00:00-05:00,2025-11-13T23:00:00-05:00,False,43,F,,"{'unitCode': 'wmoUnit:percent', 'value': 0}","{'unitCode': 'wmoUnit:degC', 'value': 0.5555555555555556}","{'unitCode': 'wmoUnit:percent', 'value': 67}",5 mph,NW,https://api.weather.gov/icons/land/night/few?size=small,Mostly Clear,
78,,2025-11-13T23:00:00-05:00,2025-11-14T00:00:00-05:00,False,42,F,,"{'unitCode': 'wmoUnit:percent', 'value': 0}","{'unitCode': 'wmoUnit:degC', 'value': 0.5555555555555556}","{'unitCode': 'wmoUnit:percent', 'value': 70}",5 mph,NW,https://api.weather.gov/icons/land/night/few?size=small,Mostly Clear,
79,,2025-11-14T00:00:00-05:00,2025-11-14T01:00:00-05:00,False,41,F,,"{'unitCode': 'wmoUnit:percent', 'value': 0}","{'unitCode': 'wmoUnit:degC', 'value': 0}","{'unitCode': 'wmoUnit:percent', 'value': 70}",3 mph,W,https://api.weather.gov/icons/land/night/few?size=small,Mostly Clear,
80,,2025-11-14T01:00:00-05:00,2025-11-14T02:00:00-05:00,False,40,F,,"{'unitCode': 'wmoUnit:percent', 'value': 0}","{'unitCode': 'wmoUnit:degC', 'value': 0}","{'unitCode': 'wmoUnit:percent', 'value': 73}",3 mph,W,https://api.weather.gov/icons/land/night/few?size=small,Mostly Clear,
81,,2025-11-14T02:00:00-05:00,2025-11-14T03:00:00-05:00,False,39,F,,"{'unitCode': 'wmoUnit:percent', 'value': 0}","{'unitCode': 'wmoUnit:degC', 'value': 0}","{'unitCode': 'wmoUnit:percent', 'value': 76}",3 mph,W,https://api.weather.gov/icons/land/night/few?size=small,Mostly Clear,
82,,2025-11-14T03:00:00-05:00,2025-11-14T04:00:00-05:00,False,38,F,,"{'unitCode': 'wmoUnit:percent', 'value': 0}","{'unitCode': 'wmoUnit:degC', 'value': 0}","{'unitCode': 'wmoUnit:percent', 'value': 79}",3 mph,W,https://api.weather.gov/icons/land/night/few?size=small,Mostly Clear,
83,,2025-11-14T04:00:00-05:00,2025-11-14T05:00:00-05:00,False,37,F,,"{'unitCode': 'wmoUnit:percent', 'value': 0}","{'unitCode': 'wmoUnit:degC', 'value': 0}","{'unitCode': 'wmoUnit:percent', 'value': 82}",3 mph,W,https://api.weather.gov/icons/land/night/sct?size=small,Partly Cloudy,
84,,2025-11-14T05:00:00-05:00,2025-11-14T06:00:00-05:00,False,36,F,,"{'unitCode': 'wmoUnit:percent', 'value': 0}","{'unitCode': 'wmoUnit:degC', 'value': 0}","{'unitCode': 'wmoUnit:percent', 'value': 85}",3 mph,W,https://api.weather.gov/icons/land/night/sct?size=small,Partly Cloudy,
85,,2025-11-14T06:00:00-05:00,2025-11-14T07:00:00-05:00,True,35,F,,"{'unitCode': 'wmoUnit:percent', 'value': 0}","{'unitCode': 'wmoUnit:degC', 'value': 0}","{'unitCode': 'wmoUnit:percent', 'value': 89}",3 mph,W,https://api.weather.gov/icons/land/day/sct?size=small,Mostly Sunny,
86,,2025-11-14T07:00:00-05:00,2025-11-14T08:00:00-05:00,True,36,F,,"{'unitCode': 'wmoUnit:percent', 'value': 1}","{'unitCode': 'wmoUnit:degC', 'value': 0}","{'unitCode': 'wmoUnit:percent', 'value': 85}",3 mph,W,https://api.weather.gov/icons/land/day/sct?size=small,Mostly Sunny,
87,,2025-11-14T08:00:00-05:00,2025-11-14T09:00:00-05:00,True,39,F,,"{'unitCode': 'wmoUnit:percent', 'value': 1}","{'unitCode': 'wmoUnit:degC', 'value': 0.5555555555555556}","{'unitCode': 'wmoUnit:percent', 'value': 79}",5 mph,W,https://api.weather.gov/icons/land/day/sct?size=small,Mostly Sunny,
88,,2025-11-14T09:00:00-05:00,2025-11-14T10:00:00-05:00,True,44,F,,"{'unitCode': 'wmoUnit:percent', 'value': 1}","{'unitCode': 'wmoUnit:degC', 'value': 0.5555555555555556}","{'unitCode': 'wmoUnit:percent', 'value': 65}",5 mph,W,https://api.weather.gov/icons/land/day/sct?size=small,Mostly Sunny,
89,,2025-11-14T10:00:00-05:00,2025-11-14T11:00:00-05:00,True,49,F,,"{'unitCode': 'wmoUnit:percent', 'value': 1}","{'unitCode': 'wmoUnit:degC', 'value': 1.1111111111111112}","{'unitCode': 'wmoUnit:percent', 'value': 56}",6 mph,W,https://api.weather.gov/icons/land/day/sct?size=small,Mostly Sunny,
90,,2025-11-14T11:00:00-05:00,2025-11-14T12:00:00-05:00,True,52,F,,"{'unitCode': 'wmoUnit:percent', 'value': 1}","{'unitCode': 'wmoUnit:degC', 'value': 1.1111111111111112}","{'unitCode': 'wmoUnit:percent', 'value': 50}",6 mph,W,https://api.weather.gov/icons/land/day/sct?size=small,Mostly Sunny,
91,,2025-11-14T12:00:00-05:00,2025-11-14T13:00:00-05:00,True,55,F,,"{'unitCode': 'wmoUnit:percent', 'value': 1}","{'unitCode': 'wmoUnit:degC', 'value': 0.5555555555555556}","{'unitCode': 'wmoUnit:percent', 'value': 43}",7 mph,W,https://api.weather.gov/icons/land/day/sct?size=small,Mostly Sunny,
92,,2025-11-14T13:00:00-05:00,2025-11-14T14:00:00-05:00,True,56,F,,"{'unitCode': 'wmoUnit:percent', 'value': 1}","{'unitCode': 'wmoUnit:degC', 'value': 0.5555555555555556}","{'unitCode': 'wmoUnit:percent', 'value': 42}",7 mph,W,https://api.weather.gov/icons/land/day/sct?size=small,Mostly Sunny,
93,,2025-11-14T14:00:00-05:00,2025-11-14T15:00:00-05:00,True,57,F,,"{'unitCode': 'wmoUnit:percent', 'value': 1}","{'unitCode': 'wmoUnit:degC', 'value': 0.5555555555555556}","{'unitCode': 'wmoUnit:percent', 'value': 40}",7 mph,W,https://api.weather.gov/icons/land/day/sct?size=small,Mostly Sunny,
94,,2025-11-14T15:00:00-05:00,2025-11-14T16:00:00-05:00,True,57,F,,"{'unitCode': 'wmoUnit:percent', 'value': 1}","{'unitCode': 'wmoUnit:degC', 'value': 1.1111111111111112}","{'unitCode': 'wmoUnit:percent', 'value': 42}",7 mph,W,https://api.weather.gov/icons/land/day/sct?size=small,Mostly Sunny,
95,,2025-11-14T16:00:00-05:00,2025-11-14T17:00:00-05:00,True,56,F,,"{'unitCode': 'wmoUnit:percent', 'value': 1}","{'unitCode': 'wmoUnit:degC', 'value': 1.6666666666666667}","{'unitCode': 'wmoUnit:percent', 'value': 45}",6 mph,W,https://api.weather.gov/icons/land/day/sct?size=small,Mostly Sunny,
96,,2025-11-14T17:00:00-05:00,2025-11-14T18:00:00-05:00,True,55,F,,"{'unitCode': 'wmoUnit:percent', 'value': 1}","{'unitCode': 'wmoUnit:degC', 'value': 1.6666666666666667}","{'unitCode': 'wmoUnit:percent', 'value': 47}",6 mph,W,https://api.weather.gov/icons/land/day/sct?size=small,Mostly Sunny,
97,,2025-11-14T18:00:00-05:00,2025-11-14T19:00:00-05:00,False,52,F,,"{'unitCode': 'wmoUnit:percent', 'value': 1}","{'unitCode': 'wmoUnit:degC', 'value': 2.2222222222222223}","{'unitCode': 'wmoUnit:percent', 'value': 54}",5 mph,W,https://api.weather.gov/icons/land/night/sct?size=small,Partly Cloudy,
98,,2025-11-14T19:00:00-05:00,2025-11-14T20:00:00-05:00,False,50,F,,"{'unitCode': 'wmoUnit:percent', 'value': 3}","{'unitCode': 'wmoUnit:degC', 'value': 2.2222222222222223}","{'unitCode': 'wmoUnit:percent', 'value': 58}",5 mph,W,https://api.weather.gov/icons/land/night/sct?size=small,Partly Cloudy,
99,,2025-11-14T20:00:00-05:00,2025-11-14T21:00:00-05:00,False,48,F,,"{'unitCode': 'wmoUnit:percent', 'value': 3}","{'unitCode': 'wmoUnit:degC', 'value': 2.2222222222222223}","{'unitCode': 'wmoUnit:percent', 'value': 63}",5 mph,NW,https://api.weather.gov/icons/land/night/sct?size=small,Partly Cloudy,
100,,2025-11-14T21:00:00-05:00,2025-11-14T22:00:00-05:00,False,47,F,,"{'unitCode': 'wmoUnit:percent', 'value': 3}","{'unitCode': 'wmoUnit:degC', 'value': 2.7777777777777777}","{'unitCode': 'wmoUnit:percent', 'value': 68}",3 mph,NW,https://api.weather.gov/icons/land/night/sct?size=small,Partly Cloudy,
101,,2025-11-14T22:00:00-05:00,2025-11-14T23:00:00-05:00,False,46,F,,"{'unitCode': 'wmoUnit:percent', 'value': 3}","{'unitCode': 'wmoUnit:degC', 'value': 2.7777777777777777}","{'unitCode': 'wmoUnit:percent', 'value': 71}",3 mph,NW,https://api.weather.gov/icons/land/night/sct?size=small,Partly Cloudy,
102,,2025-11-14T23:00:00-05:00,2025-11-15T00:00:00-05:00,False,45,F,,"{'unitCode': 'wmoUnit:percent', 'value': 3}","{'unitCode': 'wmoUnit:degC', 'value': 2.2222222222222223}","{'unitCode': 'wmoUnit:percent', 'value': 70}",3 mph,N,https://api.weather.gov/icons/land/night/sct?size=small,Partly Cloudy,
103,,2025-11-15T00:00:00-05:00,2025-11-15T01:00:00-05:00,False,44,F,,"{'unitCode': 'wmoUnit:percent', 'value': 3}","{'unitCode': 'wmoUnit:degC', 'value': 2.2222222222222223}","{'unitCode': 'wmoUnit:percent', 'value': 73}",3 mph,N,https://api.weather.gov/icons/land/night/sct?size=small,Partly Cloudy,
104,,2025-11-15T01:00:00-05:00,2025-11-15T02:00:00-05:00,False,43,F,,"{'unitCode': 'wmoUnit:percent', 'value': 6}","{'unitCode': 'wmoUnit:degC', 'value': 1.6666666666666667}","{'unitCode': 'wmoUnit:percent', 'value': 73}",3 mph,N,https://api.weather.gov/icons/land/night/sct?size=small,Partly Cloudy,
105,,2025-11-15T02:00:00-05:00,2025-11-15T03:00:00-05:00,False,42,F,,"{'unitCode': 'wmoUnit:percent', 'value': 6}","{'unitCode': 'wmoUnit:degC', 'value': 1.6666666666666667}","{'unitCode': 'wmoUnit:percent', 'value': 76}",3 mph,N,https://api.weather.gov/icons/land/night/sct?size=small,Partly Cloudy,
106,,2025-11-15T03:00:00-05:00,2025-11-15T04:00:00-05:00,False,42,F,,"{'unitCode': 'wmoUnit:percent', 'value': 6}","{'unitCode': 'wmoUnit:degC', 'value': 1.6666666666666667}","{'unitCode': 'wmoUnit:percent', 'value': 76}",3 mph,N,https://api.weather.gov/icons/land/night/sct?size=small,Partly Cloudy,
107,,2025-11-15T04:00:00-05:00,2025-11-15T05:00:00-05:00,False,41,F,,"{'unitCode': 'wmoUnit:percent', 'value': 6}","{'unitCode': 'wmoUnit:degC', 'value': 1.6666666666666667}","{'unitCode': 'wmoUnit:percent', 'value': 79}",3 mph,N,https://api.weather.gov/icons/land/night/sct?size=small,Partly Cloudy,
108,,2025-11-15T05:00:00-05:00,2025-11-15T06:00:00-05:00,False,40,F,,"{'unitCode': 'wmoUnit:percent', 'value': 6}","{'unitCode': 'wmoUnit:degC', 'value': 1.6666666666666667}","{'unitCode': 'wmoUnit:percent', 'value': 82}",3 mph,N,https://api.weather.gov/icons/land/night/sct?size=small,Partly Cloudy,
109,,2025-11-15T06:00:00-05:00,2025-11-15T07:00:00-05:00,True,39,F,,"{'unitCode': 'wmoUnit:percent', 'value': 6}","{'unitCode': 'wmoUnit:degC', 'value': 1.6666666666666667}","{'unitCode': 'wmoUnit:percent', 'value': 85}",3 mph,N,https://api.weather.gov/icons/land/day/sct?size=small,Mostly Sunny,
110,,2025-11-15T07:00:00-05:00,2025-11-15T08:00:00-05:00,True,39,F,,"{'unitCode': 'wmoUnit:percent', 'value': 2}","{'unitCode': 'wmoUnit:degC', 'value': 1.6666666666666667}","{'unitCode': 'wmoUnit:percent', 'value': 85}",3 mph,N,https://api.weather.gov/icons/land/day/sct?size=small,Mostly Sunny,
111,,2025-11-15T08:00:00-05:00,2025-11-15T09:00:00-05:00,True,41,F,,"{'unitCode': 'wmoUnit:percent', 'value': 2}","{'unitCode': 'wmoUnit:degC', 'value': 1.6666666666666667}","{'unitCode': 'wmoUnit:percent', 'value': 79}",3 mph,N,https://api.weather.gov/icons/land/day/sct?size=small,Mostly Sunny,
112,,2025-11-15T09:00:00-05:00,2025-11-15T10:00:00-05:00,True,45,F,,"{'unitCode': 'wmoUnit:percent', 'value': 2}","{'unitCode': 'wmoUnit:degC', 'value': 2.2222222222222223}","{'unitCode': 'wmoUnit:percent', 'value': 70}",5 mph,N,https://api.weather.gov/icons/land/day/sct?size=small,Mostly Sunny,
113,,2025-11-15T10:00:00-05:00,2025-11-15T11:00:00-05:00,True,48,F,,"{'unitCode': 'wmoUnit:percent', 'value': 2}","{'unitCode': 'wmoUnit:degC', 'value': 2.2222222222222223}","{'unitCode': 'wmoUnit:percent', 'value': 63}",5 mph,N,https://api.weather.gov/icons/land/day/sct?size=small,Mostly Sunny,
114,,2025-11-15T11:00:00-05:00,2025-11-15T12:00:00-05:00,True,51,F,,"{'unitCode': 'wmoUnit:percent', 'value': 2}","{'unitCode': 'wmoUnit:degC', 'value': 2.2222222222222223}","{'unitCode': 'wmoUnit:percent', 'value': 56}",5 mph,N,https://api.weather.gov/icons/land/day/sct?size=small,Mostly Sunny,
115,,2025-11-15T12:00:00-05:00,2025-11-15T13:00:00-05:00,True,53,F,,"{'unitCode': 'wmoUnit:percent', 'value': 2}","{'unitCode': 'wmoUnit:degC', 'value': 2.7777777777777777}","{'unitCode': 'wmoUnit:percent', 'value': 54}",5 mph,N,https://api.weather.gov/icons/land/day/sct?size=small,Mostly Sunny,
116,,2025-11-15T13:00:00-05:00,2025-11-15T14:00:00-05:00,True,54,F,,"{'unitCode': 'wmoUnit:percent', 'value': 0}","{'unitCode': 'wmoUnit:degC', 'value': 2.7777777777777777}","{'unitCode': 'wmoUnit:percent', 'value': 52}",5 mph,N,https://api.weather.gov/icons/land/day/sct?size=small,Mostly Sunny,
117,,2025-11-15T14:00:00-05:00,2025-11-15T15:00:00-05:00,True,55,F,,"{'unitCode': 'wmoUnit:percent', 'value': 0}","{'unitCode': 'wmoUnit:degC', 'value': 2.7777777777777777}","{'unitCode': 'wmoUnit:percent', 'value': 51}",5 mph,N,https://api.weather.gov/icons/land/day/sct?size=small,Mostly Sunny,
118,,2025-11-15T15:00:00-05:00,2025-11-15T16:00:00-05:00,True,55,F,,"{'unitCode': 'wmoUnit:percent', 'value': 0}","{'unitCode': 'wmoUnit:degC', 'value': 2.7777777777777777}","{'unitCode': 'wmoUnit:percent', 'value': 51}",5 mph,N,https://api.weather.gov/icons/land/day/sct?size=small,Mostly Sunny,
119,,2025-11-15T16:00:00-05:00,2025-11-15T17:00:00-05:00,True,54,F,,"{'unitCode': 'wmoUnit:percent', 'value': 0}","{'unitCode': 'wmoUnit:degC', 'value': 2.7777777777777777}","{'unitCode': 'wmoUnit:percent', 'value': 52}",5 mph,N,https://api.weather.gov/icons/land/day/sct?size=small,Mostly Sunny,
120,,2025-11-15T17:00:00-05:00,2025-11-15T18:00:00-05:00,True,52,F,,"{'unitCode': 'wmoUnit:percent', 'value': 0}","{'unitCode': 'wmoUnit:degC', 'value': 2.7777777777777777}","{'unitCode': 'wmoUnit:percent', 'value': 56}",5 mph,N,https://api.weather.gov/icons/land/day/sct?size=small,Mostly Sunny,
121,,2025-11-15T18:00:00-05:00,2025-11-15T19:00:00-05:00,False,49,F,,"{'unitCode': 'wmoUnit:percent', 'value': 0}","{'unitCode': 'wmoUnit:degC', 'value': 2.7777777777777777}","{'unitCode': 'wmoUnit:percent', 'value': 63}",3 mph,NE,https://api.weather.gov/icons/land/night/sct?size=small,Partly Cloudy,
122,,2025-11-15T19:00:00-05:00,2025-11-15T20:00:00-05:00,False,47,F,,"{'unitCode': 'wmoUnit:percent', 'value': 4}","{'unitCode': 'wmoUnit:degC', 'value': 2.7777777777777777}","{'unitCode': 'wmoUnit:percent', 'value': 68}",3 mph,E,https://api.weather.gov/icons/land/night/bkn?size=small,Mostly Cloudy,
123,,2025-11-15T20:00:00-05:00,2025-11-15T21:00:00-05:00,False,46,F,,"{'unitCode': 'wmoUnit:percent', 'value': 4}","{'unitCode': 'wmoUnit:degC', 'value': 2.7777777777777777}","{'unitCode': 'wmoUnit:percent', 'value': 71}",3 mph,E,https://api.weather.gov/icons/land/night/bkn?size=small,Mostly Cloudy,
124,,2025-11-15T21:00:00-05:00,2025-11-15T22:00:00-05:00,False,45,F,,"{'unitCode': 'wmoUnit:percent', 'value': 4}","{'unitCode': 'wmoUnit:degC', 'value': 2.7777777777777777}","{'unitCode': 'wmoUnit:percent', 'value': 73}",2 mph,E,https://api.weather.gov/icons/land/night/bkn?size=small,Mostly Cloudy,
125,,2025-11-15T22:00:00-05:00,2025-11-15T23:00:00-05:00,False,44,F,,"{'unitCode': 'wmoUnit:percent', 'value': 4}","{'unitCode': 'wmoUnit:degC', 'value': 2.7777777777777777}","{'unitCode': 'wmoUnit:percent', 'value': 76}",2 mph,E,https://api.weather.gov/icons/land/night/bkn?size=small,Mostly Cloudy,
126,,2025-11-15T23:00:00-05:00,2025-11-16T00:00:00-05:00,False,43,F,,"{'unitCode': 'wmoUnit:percent', 'value': 4}","{'unitCode': 'wmoUnit:degC', 'value': 2.7777777777777777}","{'unitCode': 'wmoUnit:percent', 'value': 79}",3 mph,SE,https://api.weather.gov/icons/land/night/bkn?size=small,Mostly Cloudy,
127,,2025-11-16T00:00:00-05:00,2025-11-16T01:00:00-05:00,False,43,F,,"{'unitCode': 'wmoUnit:percent', 'value': 4}","{'unitCode': 'wmoUnit:degC', 'value': 2.7777777777777777}","{'unitCode': 'wmoUnit:percent', 'value': 79}",3 mph,SE,https://api.weather.gov/icons/land/night/bkn?size=small,Mostly Cloudy,
128,,2025-11-16T01:00:00-05:00,2025-11-16T02:00:00-05:00,False,43,F,,"{'unitCode': 'wmoUnit:percent', 'value': 7}","{'unitCode': 'wmoUnit:degC', 'value': 2.7777777777777777}","{'unitCode': 'wmoUnit:percent', 'value': 79}",3 mph,SE,https://api.weather.gov/icons/land/night/bkn?size=small,Mostly Cloudy,
129,,2025-11-16T02:00:00-05:00,2025-11-16T03:00:00-05:00,False,42,F,,"{'unitCode': 'wmoUnit:percent', 'value': 7}","{'unitCode': 'wmoUnit:degC', 'value': 2.7777777777777777}","{'unitCode': 'wmoUnit:percent', 'value': 82}",3 mph,S,https://api.weather.gov/icons/land/night/bkn?size=small,Mostly Cloudy,
130,,2025-11-16T03:00:00-05:00,2025-11-16T04:00:00-05:00,False,42,F,,"{'unitCode': 'wmoUnit:percent', 'value': 7}","{'unitCode': 'wmoUnit:degC', 'value': 2.7777777777777777}","{'unitCode': 'wmoUnit:percent', 'value': 82}",3 mph,S,https://api.weather.gov/icons/land/night/bkn?size=small,Mostly Cloudy,
131,,2025-11-16T04:00:00-05:00,2025-11-16T05:00:00-05:00,False,41,F,,"{'unitCode': 'wmoUnit:percent', 'value': 7}","{'unitCode': 'wmoUnit:degC', 'value': 2.7777777777777777}","{'unitCode': 'wmoUnit:percent', 'value': 85}",3 mph,S,https://api.weather.gov/icons/land/night/bkn?size=small,Mostly Cloudy,
132,,2025-11-16T05:00:00-05:00,2025-11-16T06:00:00-05:00,False,41,F,,"{'unitCode': 'wmoUnit:percent', 'value': 7}","{'unitCode': 'wmoUnit:degC', 'value': 2.7777777777777777}","{'unitCode': 'wmoUnit:percent', 'value': 85}",3 mph,S,https://api.weather.gov/icons/land/night/bkn?size=small,Mostly Cloudy,
133,,2025-11-16T06:00:00-05:00,2025-11-16T07:00:00-05:00,True,41,F,,"{'unitCode': 'wmoUnit:percent', 'value': 7}","{'unitCode': 'wmoUnit:degC', 'value': 2.7777777777777777}","{'unitCode': 'wmoUnit:percent', 'value': 85}",3 mph,S,https://api.weather.gov/icons/land/day/bkn?size=small,Partly Sunny,
134,,2025-11-16T07:00:00-05:00,2025-11-16T08:00:00-05:00,True,42,F,,"{'unitCode': 'wmoUnit:percent', 'value': 10}","{'unitCode': 'wmoUnit:degC', 'value': 3.3333333333333335}","{'unitCode': 'wmoUnit:percent', 'value': 86}",5 mph,S,https://api.weather.gov/icons/land/day/bkn?size=small,Partly Sunny,
135,,2025-11-16T08:00:00-05:00,2025-11-16T09:00:00-05:00,True,44,F,,"{'unitCode': 'wmoUnit:percent', 'value': 10}","{'unitCode': 'wmoUnit:degC', 'value': 3.888888888888889}","{'unitCode': 'wmoUnit:percent', 'value': 82}",6 mph,S,https://api.weather.gov/icons/land/day/bkn?size=small,Partly Sunny,
136,,2025-11-16T09:00:00-05:00,2025-11-16T10:00:00-05:00,True,47,F,,"{'unitCode': 'wmoUnit:percent', 'value': 10}","{'unitCode': 'wmoUnit:degC', 'value': 5}","{'unitCode': 'wmoUnit:percent', 'value': 79}",6 mph,S,https://api.weather.gov/icons/land/day/bkn?size=small,Partly Sunny,
137,,2025-11-16T10:00:00-05:00,2025-11-16T11:00:00-05:00,True,51,F,,"{'unitCode': 'wmoUnit:percent', 'value': 10}","{'unitCode': 'wmoUnit:degC', 'value': 5.555555555555555}","{'unitCode': 'wmoUnit:percent', 'value': 71}",7 mph,S,https://api.weather.gov/icons/land/day/bkn?size=small,Partly Sunny,
138,,2025-11-16T11:00:00-05:00,2025-11-16T12:00:00-05:00,True,54,F,,"{'unitCode': 'wmoUnit:percent', 'value': 10}","{'unitCode': 'wmoUnit:degC', 'value': 6.111111111111111}","{'unitCode': 'wmoUnit:percent', 'value': 66}",8 mph,S,https://api.weather.gov/icons/land/day/bkn?size=small,Partly Sunny,
139,,2025-11-16T12:00:00-05:00,2025-11-16T13:00:00-05:00,True,58,F,,"{'unitCode': 'wmoUnit:percent', 'value': 10}","{'unitCode': 'wmoUnit:degC', 'value': 6.666666666666667}","{'unitCode': 'wmoUnit:percent', 'value': 59}",8 mph,SW,https://api.weather.gov/icons/land/day/bkn?size=small,Partly Sunny,
140,,2025-11-16T13:00:00-05:00,2025-11-16T14:00:00-05:00,True,60,F,,"{'unitCode': 'wmoUnit:percent', 'value': 17}","{'unitCode': 'wmoUnit:degC', 'value': 7.222222222222222}","{'unitCode': 'wmoUnit:percent', 'value': 58}",9 mph,SW,"https://api.weather.gov/icons/land/day/rain,20?size=small",Slight Chance Light Rain,
141,,2025-11-16T14:00:00-05:00,2025-11-16T15:00:00-05:00,True,61,F,,"{'unitCode': 'wmoUnit:percent', 'value': 17}","{'unitCode': 'wmoUnit:degC', 'value': 7.222222222222222}","{'unitCode': 'wmoUnit:percent', 'value': 56}",9 mph,S,"https://api.weather.gov/icons/land/day/rain,20?size=small",Slight Chance Light Rain,
142,,2025-11-16T15:00:00-05:00,2025-11-16T16:00:00-05:00,True,61,F,,"{'unitCode': 'wmoUnit:percent', 'value': 17}","{'unitCode': 'wmoUnit:degC', 'value': 7.777777777777778}","{'unitCode': 'wmoUnit:percent', 'value': 58}",9 mph,S,"https://api.weather.gov/icons/land/day/rain,20?size=small",Slight Chance Light Rain,
143,,2025-11-16T16:00:00-05:00,2025-11-16T17:00:00-05:00,True,61,F,,"{'unitCode': 'wmoUnit:percent', 'value': 17}","{'unitCode': 'wmoUnit:degC', 'value': 7.777777777777778}","{'unitCode': 'wmoUnit:percent', 'value': 58}",9 mph,S,"https://api.weather.gov/icons/land/day/rain,20?size=small",Slight Chance Light Rain,
144,,2025-11-16T17:00:00-05:00,2025-11-16T18:00:00-05:00,True,59,F,,"{'unitCode': 'wmoUnit:percent', 'value': 17}","{'unitCode': 'wmoUnit:degC', 'value': 8.333333333333334}","{'unitCode': 'wmoUnit:percent', 'value': 64}",9 mph,S,"https://api.weather.gov/icons/land/day/rain,20?size=small",Slight Chance Light Rain,
145,,2025-11-16T18:00:00-05:00,2025-11-16T19:00:00-05:00,False,58,F,,"{'unitCode': 'wmoUnit:percent', 'value': 17}","{'unitCode': 'wmoUnit:degC', 'value': 8.333333333333334}","{'unitCode': 'wmoUnit:percent', 'value': 67}",8 mph,S,"https://api.weather.gov/icons/land/night/rain,20?size=small",Slight Chance Light Rain,
146,,2025-11-16T19:00:00-05:00,2025-11-16T20:00:00-05:00,False,56,F,,"{'unitCode': 'wmoUnit:percent', 'value': 32}","{'unitCode': 'wmoUnit:degC', 'value': 8.88888888888889}","{'unitCode': 'wmoUnit:percent', 'value': 74}",7 mph,S,"https://api.weather.gov/icons/land/night/rain,30?size=small",Chance Light Rain,
147,,2025-11-16T20:00:00-05:00,2025-11-16T21:00:00-05:00,False,55,F,,"{'unitCode': 'wmoUnit:percent', 'value': 32}","{'unitCode': 'wmoUnit:degC', 'value': 8.88888888888889}","{'unitCode': 'wmoUnit:percent', 'value': 77}",7 mph,S,"https://api.weather.gov/icons/land/night/rain,30?size=small",Chance Light Rain,
148,,2025-11-16T21:00:00-05:00,2025-11-16T22:00:00-05:00,False,54,F,,"{'unitCode': 'wmoUnit:percent', 'value': 32}","{'unitCode': 'wmoUnit:degC', 'value': 8.88888888888889}","{'unitCode': 'wmoUnit:percent', 'value': 80}",7 mph,SW,"https://api.weather.gov/icons/land/night/rain,30?size=small",Chance Light Rain,
149,,2025-11-16T22:00:00-05:00,2025-11-16T23:00:00-05:00,False,53,F,,"{'unitCode': 'wmoUnit:percent', 'value': 32}","{'unitCode': 'wmoUnit:degC', 'value': 8.88888888888889}","{'unitCode': 'wmoUnit:percent', 'value': 83}",7 mph,SW,"https://api.weather.gov/icons/land/night/rain,30?size=small",Chance Light Rain,
150,,2025-11-16T23:00:00-05:00,2025-11-17T00:00:00-05:00,False,53,F,,"{'unitCode': 'wmoUnit:percent', 'value': 32}","{'unitCode': 'wmoUnit:degC', 'value': 8.88888888888889}","{'unitCode': 'wmoUnit:percent', 'value': 83}",6 mph,SW,"https://api.weather.gov/icons/land/night/rain,30?size=small",Chance Light Rain,
151,,2025-11-17T00:00:00-05:00,2025-11-17T01:00:00-05:00,False,52,F,,"{'unitCode': 'wmoUnit:percent', 'value': 32}","{'unitCode': 'wmoUnit:degC', 'value': 8.88888888888889}","{'unitCode': 'wmoUnit:percent', 'value': 86}",6 mph,SW,"https://api.weather.gov/icons/land/night/rain,30?size=small",Chance Light Rain,
152,,2025-11-17T01:00:00-05:00,2025-11-17T02:00:00-05:00,False,52,F,,"{'unitCode': 'wmoUnit:percent', 'value': 31}","{'unitCode': 'wmoUnit:degC', 'value': 8.88888888888889}","{'unitCode': 'wmoUnit:percent', 'value': 86}",7 mph,SW,"https://api.weather.gov/icons/land/night/rain,30?size=small",Chance Light Rain,
153,,2025-11-17T02:00:00-05:00,2025-11-17T03:00:00-05:00,False,51,F,,"{'unitCode': 'wmoUnit:percent', 'value': 31}","{'unitCode': 'wmoUnit:degC', 'value': 8.333333333333334}","{'unitCode': 'wmoUnit:percent', 'value': 86}",7 mph,SW,"https://api.weather.gov/icons/land/night/rain,30?size=small",Chance Light Rain,
154,,2025-11-17T03:00:00-05:00,2025-11-17T04:00:00-05:00,False,51,F,,"{'unitCode': 'wmoUnit:percent', 'value': 31}","{'unitCode': 'wmoUnit:degC', 'value': 8.333333333333334}","{'unitCode': 'wmoUnit:percent', 'value': 86}",8 mph,W,"https://api.weather.gov/icons/land/night/rain,30?size=small",Chance Light Rain,
155,,2025-11-17T04:00:00-05:00,2025-11-17T05:00:00-05:00,False,50,F,,"{'unitCode': 'wmoUnit:percent', 'value': 31}","{'unitCode': 'wmoUnit:degC', 'value': 7.777777777777778}","{'unitCode': 'wmoUnit:percent', 'value': 86}",8 mph,W,"https://api.weather.gov/icons/land/night/rain,30?size=small",Chance Light Rain,
156,,2025-11-17T05:00:00-05:00,2025-11-17T06:00:00-05:00,False,49,F,,"{'unitCode': 'wmoUnit:percent', 'value': 31}","{'unitCode': 'wmoUnit:degC', 'value': 7.222222222222222}","{'unitCode': 'wmoUnit:percent', 'value': 86}",8 mph,W,"https://api.weather.gov/icons/land/night/rain,30?size=small",Chance Light Rain,
